{
    "name": "root",
    "metadata": {
        "timer_format_version": "0.1.0",
        "start_time_seconds": "1738664649",
        "python_version": "3.7.16 (default, Jan 17 2023, 16:06:28) [MSC v.1916 64 bit (AMD64)]",
        "command_line_arguments": "C:\\Users\\koszt\\.conda\\envs\\UnityRL\\Scripts\\mlagents-learn config.yaml --run-id=run5",
        "mlagents_version": "0.28.0",
        "mlagents_envs_version": "0.28.0",
        "communication_protocol_version": "1.5.0",
        "pytorch_version": "1.7.1+cu110",
        "numpy_version": "1.21.6",
        "end_time_seconds": "1738664672"
    },
    "total": 23.187542,
    "count": 1,
    "self": 0.006802900000000278,
    "children": {
        "run_training.setup": {
            "total": 0.07837439999999996,
            "count": 1,
            "self": 0.07837439999999996
        },
        "TrainerController.start_learning": {
            "total": 23.1023647,
            "count": 1,
            "self": 0.01594499999999499,
            "children": {
                "TrainerController._reset_env": {
                    "total": 11.1962725,
                    "count": 1,
                    "self": 11.1962725
                },
                "TrainerController.advance": {
                    "total": 11.820060700000003,
                    "count": 134,
                    "self": 0.0017645000000037214,
                    "children": {
                        "env_step": {
                            "total": 11.818296199999999,
                            "count": 134,
                            "self": 11.646369599999996,
                            "children": {
                                "SubprocessEnvManager._take_step": {
                                    "total": 0.17032690000000983,
                                    "count": 134,
                                    "self": 0.008747000000004945,
                                    "children": {
                                        "TorchPolicy.evaluate": {
                                            "total": 0.16157990000000488,
                                            "count": 134,
                                            "self": 0.023192899999996186,
                                            "children": {
                                                "TorchPolicy.sample_actions": {
                                                    "total": 0.1383870000000087,
                                                    "count": 134,
                                                    "self": 0.1383870000000087
                                                }
                                            }
                                        }
                                    }
                                },
                                "workers": {
                                    "total": 0.0015996999999927652,
                                    "count": 133,
                                    "self": 0.0,
                                    "children": {
                                        "worker_root": {
                                            "total": 1.6952495999999933,
                                            "count": 133,
                                            "is_parallel": true,
                                            "self": 0.37720549999999875,
                                            "children": {
                                                "steps_from_proto": {
                                                    "total": 0.00042370000000069297,
                                                    "count": 1,
                                                    "is_parallel": true,
                                                    "self": 0.00018849999999837053,
                                                    "children": {
                                                        "_process_rank_one_or_two_observation": {
                                                            "total": 0.00023520000000232244,
                                                            "count": 2,
                                                            "is_parallel": true,
                                                            "self": 0.00023520000000232244
                                                        }
                                                    }
                                                },
                                                "UnityEnvironment.step": {
                                                    "total": 1.3176203999999938,
                                                    "count": 133,
                                                    "is_parallel": true,
                                                    "self": 0.01471630000000701,
                                                    "children": {
                                                        "UnityEnvironment._generate_step_input": {
                                                            "total": 0.021123199999991016,
                                                            "count": 133,
                                                            "is_parallel": true,
                                                            "self": 0.021123199999991016
                                                        },
                                                        "communicator.exchange": {
                                                            "total": 1.246139899999994,
                                                            "count": 133,
                                                            "is_parallel": true,
                                                            "self": 1.246139899999994
                                                        },
                                                        "steps_from_proto": {
                                                            "total": 0.03564100000000181,
                                                            "count": 133,
                                                            "is_parallel": true,
                                                            "self": 0.013929200000012187,
                                                            "children": {
                                                                "_process_rank_one_or_two_observation": {
                                                                    "total": 0.021711799999989623,
                                                                    "count": 266,
                                                                    "is_parallel": true,
                                                                    "self": 0.021711799999989623
                                                                }
                                                            }
                                                        }
                                                    }
                                                }
                                            }
                                        }
                                    }
                                }
                            }
                        }
                    }
                },
                "trainer_threads": {
                    "total": 1.990000000162695e-05,
                    "count": 1,
                    "self": 1.990000000162695e-05,
                    "children": {
                        "thread_root": {
                            "total": 0.0,
                            "count": 0,
                            "is_parallel": true,
                            "self": 0.0,
                            "children": {
                                "trainer_advance": {
                                    "total": 11.818004299999979,