{
    "name": "root",
    "gauges": {
        "config_track1.Policy.Entropy.mean": {
            "value": 1.0054129362106323,
            "min": 1.0054129362106323,
            "max": 1.4189382791519165,
            "count": 81
        },
        "config_track1.Policy.Entropy.sum": {
            "value": 20115.296875,
            "min": 20115.296875,
            "max": 28478.091796875,
            "count": 81
        },
        "config_track1.Environment.EpisodeLength.mean": {
            "value": 56.695402298850574,
            "min": 23.616995073891626,
            "max": 58.49107142857143,
            "count": 81
        },
        "config_track1.Environment.EpisodeLength.sum": {
            "value": 19730.0,
            "min": 19159.0,
            "max": 19910.0,
            "count": 81
        },
        "config_track1.Step.mean": {
            "value": 1619959.0,
            "min": 19994.0,
            "max": 1619959.0,
            "count": 81
        },
        "config_track1.Step.sum": {
            "value": 1619959.0,
            "min": 19994.0,
            "max": 1619959.0,
            "count": 81
        },
        "config_track1.Policy.ExtrinsicValueEstimate.mean": {
            "value": 3.156219005584717,
            "min": -16.872652053833008,
            "max": 3.340771436691284,
            "count": 81
        },
        "config_track1.Policy.ExtrinsicValueEstimate.sum": {
            "value": 1095.2080078125,
            "min": -10950.3515625,
            "max": 1215.284423828125,
            "count": 81
        },
        "config_track1.Policy.CuriosityValueEstimate.mean": {
            "value": 3.223341464996338,
            "min": -6.386762619018555,
            "max": 3.4841222763061523,
            "count": 81
        },
        "config_track1.Policy.CuriosityValueEstimate.sum": {
            "value": 1118.49951171875,
            "min": -4188.3203125,
            "max": 2048.7236328125,
            "count": 81
        },
        "config_track1.Environment.CumulativeReward.mean": {
            "value": 4.157538516720709,
            "min": -1.7426705924594927,
            "max": 4.303577137844903,
            "count": 81
        },
        "config_track1.Environment.CumulativeReward.sum": {
            "value": 1442.6658653020859,
            "min": -1335.1593358516693,
            "max": 1446.0019183158875,
            "count": 81
        },
        "config_track1.Policy.ExtrinsicReward.mean": {
            "value": 4.157538516720709,
            "min": -1.7426705924594927,
            "max": 4.303577137844903,
            "count": 81
        },
        "config_track1.Policy.ExtrinsicReward.sum": {
            "value": 1442.6658653020859,
            "min": -1335.1593358516693,
            "max": 1446.0019183158875,
            "count": 81
        },
        "config_track1.Policy.CuriosityReward.mean": {
            "value": 0.1583616520125172,
            "min": 0.0,
            "max": 3.0304689126831073,
            "count": 81
        },
        "config_track1.Policy.CuriosityReward.sum": {
            "value": 54.95149324834347,
            "min": 0.0,
            "max": 2115.2673010528088,
            "count": 81
        },
        "config_track1.IsTraining.mean": {
            "value": 1.0,
            "min": 1.0,
            "max": 1.0,
            "count": 81
        },
        "config_track1.IsTraining.sum": {
            "value": 1.0,
            "min": 1.0,
            "max": 1.0,
            "count": 81
        },
        "config_track1.Losses.PolicyLoss.mean": {
            "value": 0.016685943760482283,
            "min": 0.01489220726361964,
            "max": 0.025710090784317192,
            "count": 32
        },
        "config_track1.Losses.PolicyLoss.sum": {
            "value": 0.016685943760482283,
            "min": 0.01489220726361964,
            "max": 0.025710090784317192,
            "count": 32
        },
        "config_track1.Losses.ValueLoss.mean": {
            "value": 0.11610528084759911,
            "min": 0.0325968708920603,
            "max": 4.428443916638693,
            "count": 32
        },
        "config_track1.Losses.ValueLoss.sum": {
            "value": 0.11610528084759911,
            "min": 0.0325968708920603,
            "max": 4.428443916638693,
            "count": 32
        },
        "config_track1.Policy.LearningRate.mean": {
            "value": 0.00025195072601643,
            "min": 0.00025195072601643,
            "max": 0.00029849751050083,
            "count": 32
        },
        "config_track1.Policy.LearningRate.sum": {
            "value": 0.00025195072601643,
            "min": 0.00025195072601643,
            "max": 0.00029849751050083,
            "count": 32
        },
        "config_track1.Policy.Epsilon.mean": {
            "value": 0.18398357000000007,
            "min": 0.18398357000000007,
            "max": 0.19949917000000003,
            "count": 32
        },
        "config_track1.Policy.Epsilon.sum": {
            "value": 0.18398357000000007,
            "min": 0.18398357000000007,
            "max": 0.19949917000000003,
            "count": 32
        },
        "config_track1.Policy.Beta.mean": {
            "value": 0.004200780143000001,
            "min": 0.004200780143000001,
            "max": 0.004975008582999999,
            "count": 32
        },
        "config_track1.Policy.Beta.sum": {
            "value": 0.004200780143000001,
            "min": 0.004200780143000001,
            "max": 0.004975008582999999,
            "count": 32
        },
        "config_track1.Losses.CuriosityForwardLoss.mean": {
            "value": 0.13046646515528362,
            "min": 0.13046646515528362,
            "max": 1152.0374692082405,
            "count": 32
        },
        "config_track1.Losses.CuriosityForwardLoss.sum": {
            "value": 0.13046646515528362,
            "min": 0.13046646515528362,
            "max": 1152.0374692082405,
            "count": 32
        },
        "config_track1.Losses.CuriosityInverseLoss.mean": {
            "value": 0.29078262746334077,
            "min": 0.25929443165659904,
            "max": 4.278640568256378,
            "count": 32
        },
        "config_track1.Losses.CuriosityInverseLoss.sum": {
            "value": 0.29078262746334077,
            "min": 0.25929443165659904,
            "max": 4.278640568256378,
            "count": 32
        }
    },
    "metadata": {
        "timer_format_version": "0.1.0",
        "start_time_seconds": "1739531710",
        "python_version": "3.7.16 (default, Jan 17 2023, 16:06:28) [MSC v.1916 64 bit (AMD64)]",
        "command_line_arguments": "C:\\Users\\koszt\\.conda\\envs\\UnityRL\\Scripts\\mlagents-learn config_track1.yaml --run-id=track1_7",
        "mlagents_version": "0.28.0",
        "mlagents_envs_version": "0.28.0",
        "communication_protocol_version": "1.5.0",
        "pytorch_version": "1.7.1+cu110",
        "numpy_version": "1.21.6",
        "end_time_seconds": "1739534108"
    },
    "total": 2398.0466111,
    "count": 1,
    "self": 0.005706000000373024,
    "children": {
        "run_training.setup": {
            "total": 0.07888949999999983,
            "count": 1,
            "self": 0.07888949999999983
        },
        "TrainerController.start_learning": {
            "total": 2397.9620155999996,
            "count": 1,
            "self": 5.144588400097291,
            "children": {
                "TrainerController._reset_env": {
                    "total": 5.0735573,
                    "count": 1,
                    "self": 5.0735573
                },
                "TrainerController.advance": {
                    "total": 2387.7021848999025,
                    "count": 215381,
                    "self": 2.4456890999563257,
                    "children": {
                        "env_step": {
                            "total": 2385.256495799946,
                            "count": 215381,