{
    "name": "root",
    "gauges": {
        "config_track1.Policy.Entropy.mean": {
            "value": 1.4180432558059692,
            "min": 1.4180432558059692,
            "max": 1.4343760013580322,
            "count": 16
        },
        "config_track1.Policy.Entropy.sum": {
            "value": 28179.35546875,
            "min": 28010.87109375,
            "max": 28968.294921875,
            "count": 16
        },
        "config_track1.Environment.EpisodeLength.mean": {
            "value": 47.8792270531401,
            "min": 33.545768566493955,
            "max": 55.31623931623932,
            "count": 16
        },
        "config_track1.Environment.EpisodeLength.sum": {
            "value": 19822.0,
            "min": 19416.0,
            "max": 19822.0,
            "count": 16
        },
        "config_track1.Step.mean": {
            "value": 319999.0,
            "min": 19985.0,
            "max": 319999.0,
            "count": 16
        },
        "config_track1.Step.sum": {
            "value": 319999.0,
            "min": 19985.0,
            "max": 319999.0,
            "count": 16
        },
        "config_track1.Policy.ExtrinsicValueEstimate.mean": {
            "value": -1.2594341039657593,
            "min": -1.2594341039657593,
            "max": 1.0621157884597778,
            "count": 16
        },
        "config_track1.Policy.ExtrinsicValueEstimate.sum": {
            "value": -527.702880859375,
            "min": -527.702880859375,
            "max": 613.9029541015625,
            "count": 16
        },
        "config_track1.Policy.CuriosityValueEstimate.mean": {
            "value": 4.591721057891846,
            "min": 2.272256374359131,
            "max": 4.7074480056762695,
            "count": 16
        },
        "config_track1.Policy.CuriosityValueEstimate.sum": {
            "value": 1923.9310302734375,
            "min": 1147.489501953125,
            "max": 1923.9310302734375,
            "count": 16
        },
        "config_track1.Environment.CumulativeReward.mean": {
            "value": -1.9895523035007974,
            "min": -2.2928342125209924,
            "max": -1.9895523035007974,
            "count": 16
        },
        "config_track1.Environment.CumulativeReward.sum": {
            "value": -823.6746536493301,
            "min": -1190.8144278526306,
            "max": -776.1966527700424,
            "count": 16
        },
        "config_track1.Policy.ExtrinsicReward.mean": {
            "value": -1.9895523035007974,
            "min": -2.2928342125209924,
            "max": -1.9895523035007974,
            "count": 16
        },
        "config_track1.Policy.ExtrinsicReward.sum": {
            "value": -823.6746536493301,
            "min": -1190.8144278526306,
            "max": -776.1966527700424,
            "count": 16
        },
        "config_track1.Policy.CuriosityReward.mean": {
            "value": 1.8352676220328192,
            "min": 0.0,
            "max": 6.8738744000397105,
            "count": 16
        },
        "config_track1.Policy.CuriosityReward.sum": {
            "value": 759.8007955215871,
            "min": 0.0,
            "max": 3471.306572020054,
            "count": 16
        },
        "config_track1.IsTraining.mean": {
            "value": 1.0,
            "min": 1.0,
            "max": 1.0,
            "count": 16
        },
        "config_track1.IsTraining.sum": {
            "value": 1.0,
            "min": 1.0,
            "max": 1.0,
            "count": 16
        },
        "config_track1.Losses.PolicyLoss.mean": {
            "value": 0.015984297571412752,
            "min": 0.015984297571412752,
            "max": 0.01853444121273545,
            "count": 6
        },
        "config_track1.Losses.PolicyLoss.sum": {
            "value": 0.015984297571412752,
            "min": 0.015984297571412752,
            "max": 0.01853444121273545,
            "count": 6
        },
        "config_track1.Losses.ValueLoss.mean": {
            "value": 0.049861425363148255,
            "min": 0.049861425363148255,
            "max": 0.7249206830747426,
            "count": 6
        },
        "config_track1.Losses.ValueLoss.sum": {
            "value": 0.049861425363148255,
            "min": 0.049861425363148255,
            "max": 0.7249206830747426,
            "count": 6
        },
        "config_track1.Policy.LearningRate.mean": {
            "value": 0.00019399744300128006,
            "min": 0.00019399744300128006,
            "max": 0.00019899964050017996,
            "count": 6
        },
        "config_track1.Policy.LearningRate.sum": {
            "value": 0.00019399744300128006,
            "min": 0.00019399744300128006,
            "max": 0.00019899964050017996,
            "count": 6
        },
        "config_track1.Policy.Epsilon.mean": {
            "value": 0.19699872,
            "min": 0.19699872,
            "max": 0.19949982000000008,
            "count": 6
        },
        "config_track1.Policy.Epsilon.sum": {
            "value": 0.19699872,
            "min": 0.19699872,
            "max": 0.19949982000000008,
            "count": 6
        },
        "config_track1.Policy.Beta.mean": {
            "value": 0.004850236128000002,
            "min": 0.004850236128000002,
            "max": 0.004975041018000002,
            "count": 6
        },
        "config_track1.Policy.Beta.sum": {
            "value": 0.004850236128000002,
            "min": 0.004850236128000002,
            "max": 0.004975041018000002,
            "count": 6
        },
        "config_track1.Losses.CuriosityForwardLoss.mean": {
            "value": 2.3662025103966395,
            "min": 2.3662025103966395,
            "max": 2059.4977190971376,
            "count": 6
        },
        "config_track1.Losses.CuriosityForwardLoss.sum": {
            "value": 2.3662025103966395,
            "min": 2.3662025103966395,
            "max": 2059.4977190971376,
            "count": 6
        },
        "config_track1.Losses.CuriosityInverseLoss.mean": {
            "value": 1.6364430129528045,
            "min": 1.6364430129528045,
            "max": 4.170486497879028,
            "count": 6
        },
        "config_track1.Losses.CuriosityInverseLoss.sum": {
            "value": 1.6364430129528045,
            "min": 1.6364430129528045,
            "max": 4.170486497879028,
            "count": 6
        }
    },
    "metadata": {
        "timer_format_version": "0.1.0",
        "start_time_seconds": "1739353104",
        "python_version": "3.7.16 (default, Jan 17 2023, 16:06:28) [MSC v.1916 64 bit (AMD64)]",
        "command_line_arguments": "C:\\Users\\koszt\\.conda\\envs\\UnityRL\\Scripts\\mlagents-learn config_track1.yaml --run-id=track1_4",
        "mlagents_version": "0.28.0",
        "mlagents_envs_version": "0.28.0",
        "communication_protocol_version": "1.5.0",
        "pytorch_version": "1.7.1+cu110",
        "numpy_version": "1.21.6",
        "end_time_seconds": "1739353794"
    },
    "total": 689.8988444,
    "count": 1,
    "self": 0.007288300000027448,
    "children": {
        "run_training.setup": {
            "total": 0.08671729999999989,
            "count": 1,
            "self": 0.08671729999999989
        },
        "TrainerController.start_learning": {
            "total": 689.8048388,
            "count": 1,
            "self": 1.23377810001341,
            "children": {
                "TrainerController._reset_env": {
                    "total": 5.2849945,
                    "count": 1,
                    "self": 5.2849945
                },
                "TrainerController.advance": {
                    "total": 683.2258851999866,
                    "count": 43391,
                    "self": 0.5988163999953713,
                    "children": {
                        "env_step": {
                            "total": 682.6270687999912,
                            "count": 43391,