{
    "name": "root",
    "gauges": {
        "config_track1.Policy.Entropy.mean": {
            "value": 1.4398363828659058,
            "min": 1.4189382791519165,
            "max": 1.4434534311294556,
            "count": 14
        },
        "config_track1.Policy.Entropy.sum": {
            "value": 28314.3828125,
            "min": 28288.78125,
            "max": 29350.50390625,
            "count": 14
        },
        "config_track1.Environment.EpisodeLength.mean": {
            "value": 64.71381578947368,
            "min": 29.924265842349303,
            "max": 64.71381578947368,
            "count": 14
        },
        "config_track1.Environment.EpisodeLength.sum": {
            "value": 19673.0,
            "min": 19361.0,
            "max": 19811.0,
            "count": 14
        },
        "config_track1.Step.mean": {
            "value": 279936.0,
            "min": 19984.0,
            "max": 279936.0,
            "count": 14
        },
        "config_track1.Step.sum": {
            "value": 279936.0,
            "min": 19984.0,
            "max": 279936.0,
            "count": 14
        },
        "config_track1.Policy.ExtrinsicValueEstimate.mean": {
            "value": -1.7134801149368286,
            "min": -1.7134801149368286,
            "max": 10.774176597595215,
            "count": 14
        },
        "config_track1.Policy.ExtrinsicValueEstimate.sum": {
            "value": -520.89794921875,
            "min": -520.89794921875,
            "max": 6960.1181640625,
            "count": 14
        },
        "config_track1.Policy.CuriosityValueEstimate.mean": {
            "value": -1.9461547136306763,
            "min": -9.440461158752441,
            "max": -1.9461547136306763,
            "count": 14
        },
        "config_track1.Policy.CuriosityValueEstimate.sum": {
            "value": -591.6310424804688,
            "min": -6098.5380859375,
            "max": -591.6310424804688,
            "count": 14
        },
        "config_track1.Environment.CumulativeReward.mean": {
            "value": -4.607679867822873,
            "min": -4.607679867822873,
            "max": -2.3834553239146254,
            "count": 14
        },
        "config_track1.Environment.CumulativeReward.sum": {
            "value": -1400.7346798181534,
            "min": -1539.712139248848,
            "max": -1353.1048185825348,
            "count": 14
        },
        "config_track1.Policy.ExtrinsicReward.mean": {
            "value": -4.607679867822873,
            "min": -4.607679867822873,
            "max": -2.3834553239146254,
            "count": 14
        },
        "config_track1.Policy.ExtrinsicReward.sum": {
            "value": -1400.7346798181534,
            "min": -1539.712139248848,
            "max": -1353.1048185825348,
            "count": 14
        },
        "config_track1.Policy.CuriosityReward.mean": {
            "value": 2.595201493682046,
            "min": 0.0,
            "max": 8.05849891162844,
            "count": 14
        },
        "config_track1.Policy.CuriosityReward.sum": {
            "value": 788.9412540793419,
            "min": 0.0,
            "max": 4359.647911190987,
            "count": 14
        },
        "config_track1.IsTraining.mean": {
            "value": 1.0,
            "min": 1.0,
            "max": 1.0,
            "count": 14
        },
        "config_track1.IsTraining.sum": {
            "value": 1.0,
            "min": 1.0,
            "max": 1.0,
            "count": 14
        },
        "config_track1.Losses.PolicyLoss.mean": {
            "value": 0.015440329428141315,
            "min": 0.015440329428141315,
            "max": 0.022505729909365377,
            "count": 5
        },
        "config_track1.Losses.PolicyLoss.sum": {
            "value": 0.015440329428141315,
            "min": 0.015440329428141315,
            "max": 0.022505729909365377,
            "count": 5
        },
        "config_track1.Losses.ValueLoss.mean": {
            "value": 0.3050892472267151,
            "min": 0.3050892472267151,
            "max": 3.685383290052414,
            "count": 5
        },
        "config_track1.Losses.ValueLoss.sum": {
            "value": 0.3050892472267151,
            "min": 0.3050892472267151,
            "max": 3.685383290052414,
            "count": 5
        },
        "config_track1.Policy.LearningRate.mean": {
            "value": 0.00019499766250116998,
            "min": 0.00019499766250116998,
            "max": 0.00019899966050017007,
            "count": 5
        },
        "config_track1.Policy.LearningRate.sum": {
            "value": 0.00019499766250116998,
            "min": 0.00019499766250116998,
            "max": 0.00019899966050017007,
            "count": 5
        },
        "config_track1.Policy.Epsilon.mean": {
            "value": 0.19749882999999996,
            "min": 0.19749882999999996,
            "max": 0.19949983000000004,
            "count": 5
        },
        "config_track1.Policy.Epsilon.sum": {
            "value": 0.19749882999999996,
            "min": 0.19749882999999996,
            "max": 0.19949983000000004,
            "count": 5
        },
        "config_track1.Policy.Beta.mean": {
            "value": 0.004875191617000002,
            "min": 0.004875191617000002,
            "max": 0.004975041517,
            "count": 5
        },
        "config_track1.Policy.Beta.sum": {
            "value": 0.004875191617000002,
            "min": 0.004875191617000002,
            "max": 0.004975041517,
            "count": 5
        },
        "config_track1.Losses.CuriosityForwardLoss.mean": {
            "value": 2.4434867133696874,
            "min": 2.4434867133696874,
            "max": 2000.1722770690917,
            "count": 5
        },
        "config_track1.Losses.CuriosityForwardLoss.sum": {
            "value": 2.4434867133696874,
            "min": 2.4434867133696874,
            "max": 2000.1722770690917,
            "count": 5
        },
        "config_track1.Losses.CuriosityInverseLoss.mean": {
            "value": 1.7090201079845428,
            "min": 1.7090201079845428,
            "max": 8.221283038457235,
            "count": 5
        },
        "config_track1.Losses.CuriosityInverseLoss.sum": {
            "value": 1.7090201079845428,
            "min": 1.7090201079845428,
            "max": 8.221283038457235,
            "count": 5
        }
    },
    "metadata": {
        "timer_format_version": "0.1.0",
        "start_time_seconds": "1739351584",
        "python_version": "3.7.16 (default, Jan 17 2023, 16:06:28) [MSC v.1916 64 bit (AMD64)]",
        "command_line_arguments": "C:\\Users\\koszt\\.conda\\envs\\UnityRL\\Scripts\\mlagents-learn config_track1.yaml --run-id=track1_2",
        "mlagents_version": "0.28.0",
        "mlagents_envs_version": "0.28.0",
        "communication_protocol_version": "1.5.0",
        "pytorch_version": "1.7.1+cu110",
        "numpy_version": "1.21.6",
        "end_time_seconds": "1739352181"
    },
    "total": 596.8155564,
    "count": 1,
    "self": 0.006925800000090021,
    "children": {
        "run_training.setup": {
            "total": 0.07753540000000014,
            "count": 1,
            "self": 0.07753540000000014
        },
        "TrainerController.start_learning": {
            "total": 596.7310951999999,
            "count": 1,
            "self": 1.1367188999915925,
            "children": {
                "TrainerController._reset_env": {
                    "total": 9.8040699,
                    "count": 1,
                    "self": 9.8040699
                },
                "TrainerController.advance": {
                    "total": 585.5566993000083,
                    "count": 37949,
                    "self": 0.5404895000086753,
                    "children": {
                        "env_step": {
                            "total": 585.0162097999996,
                            "count": 37949,