{
    "name": "root",
    "metadata": {
        "timer_format_version": "0.1.0",
        "start_time_seconds": "1738661958",
        "python_version": "3.7.16 (default, Jan 17 2023, 16:06:28) [MSC v.1916 64 bit (AMD64)]",
        "command_line_arguments": "C:\\Users\\koszt\\.conda\\envs\\UnityRL\\Scripts\\mlagents-learn config.yaml --run-id=run1",
        "mlagents_version": "0.28.0",
        "mlagents_envs_version": "0.28.0",
        "communication_protocol_version": "1.5.0",
        "pytorch_version": "1.7.1+cu110",
        "numpy_version": "1.21.6",
        "end_time_seconds": "1738661979"
    },
    "total": 21.800479300000003,
    "count": 1,
    "self": 0.006347600000001563,
    "children": {
        "run_training.setup": {
            "total": 0.09539469999999994,
            "count": 1,
            "self": 0.09539469999999994
        },
        "TrainerController.start_learning": {
            "total": 21.698737,
            "count": 1,
            "self": 0.0550270000000701,
            "children": {
                "TrainerController._reset_env": {
                    "total": 6.8987207999999995,
                    "count": 1,
                    "self": 6.8987207999999995
                },
                "TrainerController.advance": {
                    "total": 14.64689799999993,
                    "count": 2254,
                    "self": 0.025308399999968145,
                    "children": {
                        "env_step": {
                            "total": 14.621589599999961,
                            "count": 2254,
                            "self": 12.905335999999998,
                            "children": {
                                "SubprocessEnvManager._take_step": {
                                    "total": 1.6895523999998971,
                                    "count": 2254,
                                    "self": 0.11860849999994905,
                                    "children": {
                                        "TorchPolicy.evaluate": {
                                            "total": 1.570943899999948,
                                            "count": 2254,
                                            "self": 0.2979604999999399,
                                            "children": {
                                                "TorchPolicy.sample_actions": {
                                                    "total": 1.2729834000000082,
                                                    "count": 2254,
                                                    "self": 1.2729834000000082
                                                }
                                            }
                                        }
                                    }
                                },
                                "workers": {
                                    "total": 0.026701200000065484,
                                    "count": 2253,
                                    "self": 0.0,
                                    "children": {
                                        "worker_root": {
                                            "total": 11.841894800000022,
                                            "count": 2253,
                                            "is_parallel": true,
                                            "self": 3.565620999999952,
                                            "children": {
                                                "steps_from_proto": {
                                                    "total": 0.0010542999999998415,
                                                    "count": 1,
                                                    "is_parallel": true,
                                                    "self": 0.00013249999999942474,
                                                    "children": {
                                                        "_process_rank_one_or_two_observation": {
                                                            "total": 0.0009218000000004167,
                                                            "count": 2,
                                                            "is_parallel": true,
                                                            "self": 0.0009218000000004167
                                                        }
                                                    }
                                                },
                                                "UnityEnvironment.step": {
                                                    "total": 8.27521950000007,
                                                    "count": 2253,
                                                    "is_parallel": true,
                                                    "self": 0.15127100000009008,
                                                    "children": {
                                                        "UnityEnvironment._generate_step_input": {
                                                            "total": 0.11801229999997798,
                                                            "count": 2253,
                                                            "is_parallel": true,
                                                            "self": 0.11801229999997798
                                                        },
                                                        "communicator.exchange": {
                                                            "total": 7.622849100000001,
                                                            "count": 2253,
                                                            "is_parallel": true,
                                                            "self": 7.622849100000001
                                                        },
                                                        "steps_from_proto": {
                                                            "total": 0.3830871000000009,
                                                            "count": 2253,
                                                            "is_parallel": true,
                                                            "self": 0.18715069999998235,
                                                            "children": {
                                                                "_process_rank_one_or_two_observation": {
                                                                    "total": 0.19593640000001855,
                                                                    "count": 4506,
                                                                    "is_parallel": true,
                                                                    "self": 0.19593640000001855
                                                                }
                                                            }
                                                        }
                                                    }
                                                }
                                            }
                                        }
                                    }
                                }
                            }
                        }
                    }
                },
                "trainer_threads": {
                    "total": 1.670000000331129e-05,
                    "count": 1,
                    "self": 1.670000000331129e-05,
                    "children": {
                        "thread_root": {
                            "total": 0.0,
                            "count": 0,
                            "is_parallel": true,
                            "self": 0.0,
                            "children": {
                                "trainer_advance": {
                                    "total": 14.682407299999928,