{
    "name": "root",
    "gauges": {
        "config_track1.Policy.Entropy.mean": {
            "value": 1.3541635274887085,
            "min": 1.3541635274887085,
            "max": 1.4335938692092896,
            "count": 22
        },
        "config_track1.Policy.Entropy.sum": {
            "value": 27019.625,
            "min": 26871.806640625,
            "max": 29129.3828125,
            "count": 22
        },
        "config_track1.Step.mean": {
            "value": 439972.0,
            "min": 19936.0,
            "max": 439972.0,
            "count": 22
        },
        "config_track1.Step.sum": {
            "value": 439972.0,
            "min": 19936.0,
            "max": 439972.0,
            "count": 22
        },
        "config_track1.Policy.ExtrinsicValueEstimate.mean": {
            "value": -1.327567219734192,
            "min": -3.759669780731201,
            "max": -1.327567219734192,
            "count": 22
        },
        "config_track1.Policy.ExtrinsicValueEstimate.sum": {
            "value": -735.4722290039062,
            "min": -735.4722290039062,
            "max": -575.0712890625,
            "count": 22
        },
        "config_track1.Policy.CuriosityValueEstimate.mean": {
            "value": 8.054791450500488,
            "min": 7.884430885314941,
            "max": 10.253737449645996,
            "count": 22
        },
        "config_track1.Policy.CuriosityValueEstimate.sum": {
            "value": 4462.3544921875,
            "min": 1553.23291015625,
            "max": 4462.3544921875,
            "count": 22
        },
        "config_track1.Environment.EpisodeLength.mean": {
            "value": 34.9927797833935,
            "min": 34.9927797833935,
            "max": 326.2741935483871,
            "count": 22
        },
        "config_track1.Environment.EpisodeLength.sum": {
            "value": 19386.0,
            "min": 18726.0,
            "max": 20612.0,
            "count": 22
        },
        "config_track1.Environment.CumulativeReward.mean": {
            "value": -1.6282253097541066,
            "min": -8.928965567413604,
            "max": -1.6282253097541066,
            "count": 22
        },
        "config_track1.Environment.CumulativeReward.sum": {
            "value": -902.036821603775,
            "min": -902.036821603775,
            "max": -456.6363068372011,
            "count": 22
        },
        "config_track1.Policy.ExtrinsicReward.mean": {
            "value": -1.6282253097541066,
            "min": -8.928965567413604,
            "max": -1.6282253097541066,
            "count": 22
        },
        "config_track1.Policy.ExtrinsicReward.sum": {
            "value": -902.036821603775,
            "min": -902.036821603775,
            "max": -456.6363068372011,
            "count": 22
        },
        "config_track1.Policy.CuriosityReward.mean": {
            "value": 0.4894670556813801,
            "min": 0.0,
            "max": 52.70276260814246,
            "count": 22
        },
        "config_track1.Policy.CuriosityReward.sum": {
            "value": 271.1647488474846,
            "min": 0.0,
            "max": 3906.2846321463585,
            "count": 22
        },
        "config_track1.IsTraining.mean": {
            "value": 1.0,
            "min": 1.0,
            "max": 1.0,
            "count": 22
        },
        "config_track1.IsTraining.sum": {
            "value": 1.0,
            "min": 1.0,
            "max": 1.0,
            "count": 22
        },
        "config_track1.Losses.PolicyLoss.mean": {
            "value": 0.017818357442350437,
            "min": 0.016515399749429584,
            "max": 0.021544287653523498,
            "count": 8
        },
        "config_track1.Losses.PolicyLoss.sum": {
            "value": 0.017818357442350437,
            "min": 0.016515399749429584,
            "max": 0.021544287653523498,
            "count": 8
        },
        "config_track1.Losses.ValueLoss.mean": {
            "value": 0.09453486806402604,
            "min": 0.09453486806402604,
            "max": 1.4599943165977796,
            "count": 8
        },
        "config_track1.Losses.ValueLoss.sum": {
            "value": 0.09453486806402604,
            "min": 0.09453486806402604,
            "max": 1.4599943165977796,
            "count": 8
        },
        "config_track1.Policy.LearningRate.mean": {
            "value": 0.00019199166400417006,
            "min": 0.00019199166400417006,
            "max": 0.00019899802050098997,
            "count": 8
        },
        "config_track1.Policy.LearningRate.sum": {
            "value": 0.00019199166400417006,
            "min": 0.00019199166400417006,
            "max": 0.00019899802050098997,
            "count": 8
        },
        "config_track1.Policy.Epsilon.mean": {
            "value": 0.19599583000000007,
            "min": 0.19599583000000007,
            "max": 0.19949900999999995,
            "count": 8
        },
        "config_track1.Policy.Epsilon.sum": {
            "value": 0.19599583000000007,
            "min": 0.19599583000000007,
            "max": 0.19949900999999995,
            "count": 8
        },
        "config_track1.Policy.Beta.mean": {
            "value": 0.004800191917,
            "min": 0.004800191917,
            "max": 0.004975000599,
            "count": 8
        },
        "config_track1.Policy.Beta.sum": {
            "value": 0.004800191917,
            "min": 0.004800191917,
            "max": 0.004975000599,
            "count": 8
        },
        "config_track1.Losses.CuriosityForwardLoss.mean": {
            "value": 0.7775667463739713,
            "min": 0.7775667463739713,
            "max": 1914.7821893294652,
            "count": 8
        },
        "config_track1.Losses.CuriosityForwardLoss.sum": {
            "value": 0.7775667463739713,
            "min": 0.7775667463739713,
            "max": 1914.7821893294652,
            "count": 8
        },
        "config_track1.Losses.CuriosityInverseLoss.mean": {
            "value": 1.1584007134040197,
            "min": 1.1584007134040197,
            "max": 3.285928087433179,
            "count": 8
        },
        "config_track1.Losses.CuriosityInverseLoss.sum": {
            "value": 1.1584007134040197,
            "min": 1.1584007134040197,
            "max": 3.285928087433179,
            "count": 8
        }
    },
    "metadata": {
        "timer_format_version": "0.1.0",
        "start_time_seconds": "1739352206",
        "python_version": "3.7.16 (default, Jan 17 2023, 16:06:28) [MSC v.1916 64 bit (AMD64)]",
        "command_line_arguments": "C:\\Users\\koszt\\.conda\\envs\\UnityRL\\Scripts\\mlagents-learn config_track1.yaml --run-id=track1_3",
        "mlagents_version": "0.28.0",
        "mlagents_envs_version": "0.28.0",
        "communication_protocol_version": "1.5.0",
        "pytorch_version": "1.7.1+cu110",
        "numpy_version": "1.21.6",
        "end_time_seconds": "1739353085"
    },
    "total": 879.2084583000001,
    "count": 1,
    "self": 0.006096300000194788,
    "children": {
        "run_training.setup": {
            "total": 0.08198050000000001,
            "count": 1,
            "self": 0.08198050000000001
        },
        "TrainerController.start_learning": {
            "total": 879.1203814999999,
            "count": 1,
            "self": 1.5503664999953344,
            "children": {
                "TrainerController._reset_env": {
                    "total": 6.2016095,
                    "count": 1,
                    "self": 6.2016095
                },
                "TrainerController.advance": {
                    "total": 871.2901662000045,
                    "count": 53218,
                    "self": 0.7527551999992284,
                    "children": {
                        "env_step": {
                            "total": 870.5374110000052,
                            "count": 53218,
                            "self": 798.7860396000178,