{"count":1,"self":441.73358079999997,"total":1687.3591282,"children":{"InitializeActuators":{"count":18,"self":0.0010502,"total":0.0010502,"children":null},"InitializeSensors":{"count":18,"self":0.0019927,"total":0.0019927,"children":null},"AgentSendState":{"count":875851,"self":47.543616,"total":65.9154976,"children":{"CollectObservations":{"count":1576539,"self":0.8534122,"total":0.8534122,"children":null},"WriteActionMask":{"count":1576539,"self":0.8084832,"total":0.8084832,"children":null},"RequestDecision":{"count":1576539,"self":3.0836099999999997,"total":16.7099853,"children":{"AgentInfo.ToProto":{"count":1576539,"self":3.0207059999999997,"total":13.6263753,"children":{"GenerateSensorData":{"count":1576539,"self":7.6438896,"total":10.6056694,"children":{"RayPerceptionSensor.Perceive":{"count":1576539,"self":2.9617793999999997,"total":2.9617793999999997,"children":null}}}}}}}}},"DecideAction":{"count":875851,"self":1165.1848192,"total":1165.1847738,"children":null},"AgentAct":{"count":875851,"self":14.431054399999999,"total":14.4679089,"children":{"AgentInfo.ToProto":{"count":2039,"self":0.010961799999999999,"total":0.036854899999999996,"children":{"GenerateSensorData":{"count":2039,"self":0.0199167,"total":0.0258931,"children":{"RayPerceptionSensor.Perceive":{"count":2039,"self":0.0059764,"total":0.0059764,"children":null}}}}}}},"AgentInfo.ToProto":{"count":3078,"self":0.010955099999999999,"total":0.0533381,"children":{"GenerateSensorData":{"count":3078,"self":0.0325829,"total":0.042383,"children":{"RayPerceptionSensor.Perceive":{"count":3078,"self":0.0098000999999999991,"total":0.0098000999999999991,"children":null}}}}}},"gauges":{"config.CumulativeReward":{"count":5117,"max":-2.169999,"min":-20.5903625,"runningAverage":-15.6026907,"value":-17.8503,"weightedAverage":-16.559845}},"metadata":{"timer_format_version":"0.1.0","start_time_seconds":"1738756983","unity_version":"2022.3.48f1","command_line_arguments":"D:\\programok\\Unity\\2022.3.48f1\\Editor\\Unity.exe -projectpath D:\\ISKOLA\\megerositeses_tanulas\\szakdolgozat\\szakdolgozat_projekt -useHub -hubIPC -cloudEnvironment production -licensingIpc LicenseClient-koszt -hubSessionId a68af95f-517a-47c1-a725-a0d5c77b51c5 -accessToken X25sZucpFOewMqwKeYDV2t-tJNO_JjBKkiNu6CFU-6I007f","communication_protocol_version":"1.5.0","com.unity.ml-agents_version":"2.0.1","scene_name":"Track_4_training","end_time_seconds":"1738758670"}}