{"count":1,"self":569.83552,"total":2588.9836706,"children":{"InitializeActuators":{"count":18,"self":0.0019933999999999998,"total":0.0019933999999999998,"children":null},"InitializeSensors":{"count":18,"self":0.0019933999999999998,"total":0.0019933999999999998,"children":null},"AgentSendState":{"count":1003034,"self":57.708422399999996,"total":86.9847357,"children":{"CollectObservations":{"count":1805463,"self":4.0514724,"total":4.0514724,"children":null},"WriteActionMask":{"count":1805463,"self":0.96592729999999993,"total":0.96592729999999993,"children":null},"RequestDecision":{"count":1805463,"self":4.0200784,"total":24.258913699999997,"children":{"AgentInfo.ToProto":{"count":1805463,"self":3.6145875999999997,"total":20.2388351,"children":{"GenerateSensorData":{"count":1805463,"self":13.21856,"total":16.624247399999998,"children":{"RayPerceptionSensor.Perceive":{"count":1805463,"self":3.4056872,"total":3.4056870999999997,"children":null}}}}}}}}},"DecideAction":{"count":1003034,"self":1906.527232,"total":1906.5271688999999,"children":null},"AgentAct":{"count":1003034,"self":25.2260848,"total":25.2441177,"children":{"AgentInfo.ToProto":{"count":789,"self":0.0029865,"total":0.0180331,"children":{"GenerateSensorData":{"count":789,"self":0.011059099999999999,"total":0.015046599999999999,"children":{"RayPerceptionSensor.Perceive":{"count":789,"self":0.0039875,"total":0.0039875,"children":null}}}}}}},"AgentInfo.ToProto":{"count":15123,"self":0.0947512,"total":0.3862169,"children":{"GenerateSensorData":{"count":15123,"self":0.23767649999999999,"total":0.2914657,"children":{"RayPerceptionSensor.Perceive":{"count":15123,"self":0.053789199999999995,"total":0.053789199999999995,"children":null}}}}}},"gauges":{"config_track2.CumulativeReward":{"count":15912,"max":4.81498241,"min":-9.763076,"runningAverage":0.6180957,"value":4.595913,"weightedAverage":4.41341829}},"metadata":{"timer_format_version":"0.1.0","start_time_seconds":"1739182369","unity_version":"2022.3.48f1","command_line_arguments":"D:\\programok\\Unity\\2022.3.48f1\\Editor\\Unity.exe -projectpath D:\\ISKOLA\\megerositeses_tanulas\\szakdolgozat\\szakdolgozat_projekt -useHub -hubIPC -cloudEnvironment production -licensingIpc LicenseClient-koszt -hubSessionId 4960ea61-2180-42a5-ba99-0881b5d4a2f0 -accessToken KBneGTL23I9aF6DBoLCAepfT2r2nSLMeDMMty4wwJ00007f","communication_protocol_version":"1.5.0","com.unity.ml-agents_version":"2.0.1","scene_name":"Track_2_training","end_time_seconds":"1739184958"}}