{"count":1,"self":122.8977664,"total":585.2169318,"children":{"InitializeActuators":{"count":18,"self":0.0019938,"total":0.0019938,"children":null},"InitializeSensors":{"count":18,"self":0.0019933999999999998,"total":0.0019933999999999998,"children":null},"AgentSendState":{"count":236217,"self":20.4505344,"total":28.1065193,"children":{"CollectObservations":{"count":425196,"self":1.3506333,"total":1.3506333,"children":null},"WriteActionMask":{"count":425196,"self":0.2097608,"total":0.2097608,"children":null},"RequestDecision":{"count":425196,"self":0.9431487,"total":6.0955903,"children":{"AgentInfo.ToProto":{"count":425196,"self":0.7936966,"total":5.1524415999999995,"children":{"GenerateSensorData":{"count":425196,"self":3.1284904,"total":4.358745,"children":{"RayPerceptionSensor.Perceive":{"count":425196,"self":1.2302545999999999,"total":1.2302545999999999,"children":null}}}}}}}}},"DecideAction":{"count":236217,"self":428.76311039999996,"total":428.7631151,"children":null},"AgentAct":{"count":236217,"self":5.3441263999999995,"total":5.3441266,"children":null},"AgentInfo.ToProto":{"count":3900,"self":0.024921199999999998,"total":0.10041839999999999,"children":{"GenerateSensorData":{"count":3900,"self":0.0555424,"total":0.0754972,"children":{"RayPerceptionSensor.Perceive":{"count":3900,"self":0.019954799999999998,"total":0.019954799999999998,"children":null}}}}}},"gauges":{"config_track5.CumulativeReward":{"count":3900,"max":4.49290276,"min":-4.359885,"runningAverage":2.31685,"value":2.73301077,"weightedAverage":2.9740243}},"metadata":{"timer_format_version":"0.1.0","start_time_seconds":"1740391363","unity_version":"2022.3.48f1","command_line_arguments":"D:\\programok\\Unity\\2022.3.48f1\\Editor\\Unity.exe -projectpath D:\\ISKOLA\\megerositeses_tanulas\\szakdolgozat\\szakdolgozat_projekt -useHub -hubIPC -cloudEnvironment production -licensingIpc LicenseClient-koszt -hubSessionId 70805b2b-09ed-4195-9b63-97dacc94032c -accessToken Ye_Brw4qsm6x9jjx0R73lcC0nCoqgSuLDYQHyO15p3w007f","communication_protocol_version":"1.5.0","com.unity.ml-agents_version":"2.0.1","scene_name":"Track_1_training","end_time_seconds":"1740391948"}}