{
    "name": "root",
    "gauges": {
        "config.Policy.Entropy.mean": {
            "value": 1.4189382791519165,
            "min": 1.4189382791519165,
            "max": 1.418938398361206,
            "count": 18
        },
        "config.Policy.Entropy.sum": {
            "value": 28120.51953125,
            "min": 28120.51953125,
            "max": 28529.171875,
            "count": 18
        },
        "config.Step.mean": {
            "value": 359992.0,
            "min": 19984.0,
            "max": 359992.0,
            "count": 18
        },
        "config.Step.sum": {
            "value": 359992.0,
            "min": 19984.0,
            "max": 359992.0,
            "count": 18
        },
        "config.Policy.ExtrinsicValueEstimate.mean": {
            "value": 0.013272106647491455,
            "min": 0.013080614618957043,
            "max": 0.013565706089138985,
            "count": 18
        },
        "config.Policy.ExtrinsicValueEstimate.sum": {
            "value": 8.560508728027344,
            "min": 8.34543228149414,
            "max": 8.667253494262695,
            "count": 18
        },
        "config.Environment.EpisodeLength.mean": {
            "value": 999.0,
            "min": 999.0,
            "max": 999.0,
            "count": 18
        },
        "config.Environment.EpisodeLength.sum": {
            "value": 26973.0,
            "min": 17982.0,
            "max": 26973.0,
            "count": 18
        },
        "config.Environment.CumulativeReward.mean": {
            "value": -49.99999701976776,
            "min": -49.99999701976776,
            "max": -49.99999701976776,
            "count": 18
        },
        "config.Environment.CumulativeReward.sum": {
            "value": -1299.9999225139618,
            "min": -1349.9999195337296,
            "max": -899.9999463558197,
            "count": 18
        },
        "config.Policy.ExtrinsicReward.mean": {
            "value": -49.99999701976776,
            "min": -49.99999701976776,
            "max": -49.99999701976776,
            "count": 18
        },
        "config.Policy.ExtrinsicReward.sum": {
            "value": -1299.9999225139618,
            "min": -1349.9999195337296,
            "max": -899.9999463558197,
            "count": 18
        },
        "config.IsTraining.mean": {
            "value": 1.0,
            "min": 1.0,
            "max": 1.0,
            "count": 18
        },
        "config.IsTraining.sum": {
            "value": 1.0,
            "min": 1.0,
            "max": 1.0,
            "count": 18
        }
    },
    "metadata": {
        "timer_format_version": "0.1.0",
        "start_time_seconds": "1738663929",
        "python_version": "3.7.16 (default, Jan 17 2023, 16:06:28) [MSC v.1916 64 bit (AMD64)]",
        "command_line_arguments": "C:\\Users\\koszt\\.conda\\envs\\UnityRL\\Scripts\\mlagents-learn config.yaml --run-id=run",
        "mlagents_version": "0.28.0",
        "mlagents_envs_version": "0.28.0",
        "communication_protocol_version": "1.5.0",
        "pytorch_version": "1.7.1+cu110",
        "numpy_version": "1.21.6",
        "end_time_seconds": "1738664231"
    },
    "total": 301.11450609999997,
    "count": 1,
    "self": 0.004918900000006943,
    "children": {
        "run_training.setup": {
            "total": 0.07712969999999997,
            "count": 1,
            "self": 0.07712969999999997
        },
        "TrainerController.start_learning": {
            "total": 301.03245749999996,
            "count": 1,
            "self": 1.0184601000013913,
            "children": {
                "TrainerController._reset_env": {
                    "total": 10.066929400000001,
                    "count": 1,
                    "self": 10.066929400000001
                },
                "TrainerController.advance": {
                    "total": 289.8959044999986,
                    "count": 41887,
                    "self": 0.48181080000267684,
                    "children": {
                        "env_step": {
                            "total": 289.41409369999593,
                            "count": 41887,
                            "self": 247.57627839999395,
                            "children": {
                                "SubprocessEnvManager._take_step": {
                                    "total": 41.315564200000345,
                                    "count": 41887,
                                    "self": 2.367913199998391,
                                    "children": {
                                        "TorchPolicy.evaluate": {
                                            "total": 38.947651000001954,
                                            "count": 41887,
                                            "self": 6.718366899998017,
                                            "children": {
                                                "TorchPolicy.sample_actions": {
                                                    "total": 32.22928410000394,
                                                    "count": 41887,
                                                    "self": 32.22928410000394
                                                }
                                            }
                                        }
                                    }
                                },
                                "workers": {
                                    "total": 0.5222511000016485,
                                    "count": 41886,
                                    "self": 0.0,
                                    "children": {
                                        "worker_root": {
                                            "total": 289.9801299999994,
                                            "count": 41886,
                                            "is_parallel": true,
                                            "self": 89.46839430000009,
                                            "children": {
                                                "steps_from_proto": {
                                                    "total": 0.00038319999999991694,
                                                    "count": 1,
                                                    "is_parallel": true,
                                                    "self": 0.00013429999999914344,
                                                    "children": {
                                                        "_process_rank_one_or_two_observation": {
                                                            "total": 0.0002489000000007735,
                                                            "count": 2,
                                                            "is_parallel": true,
                                                            "self": 0.0002489000000007735
                                                        }
                                                    }
                                                },
                                                "UnityEnvironment.step": {
                                                    "total": 200.51135249999933,
                                                    "count": 41886,
                                                    "is_parallel": true,
                                                    "self": 4.151662699996081,
                                                    "children": {
                                                        "UnityEnvironment._generate_step_input": {
                                                            "total": 5.867707000003197,
                                                            "count": 41886,
                                                            "is_parallel": true,