{
    "name": "root",
    "gauges": {
        "config_track1.Policy.Entropy.mean": {
            "value": 1.3209209442138672,
            "min": 1.3209209442138672,
            "max": 1.4387766122817993,
            "count": 30
        },
        "config_track1.Policy.Entropy.sum": {
            "value": 26463.330078125,
            "min": 26428.693359375,
            "max": 29199.185546875,
            "count": 30
        },
        "config_track1.Environment.EpisodeLength.mean": {
            "value": 205.3673469387755,
            "min": 89.53393665158372,
            "max": 378.56,
            "count": 30
        },
        "config_track1.Environment.EpisodeLength.sum": {
            "value": 20126.0,
            "min": 18641.0,
            "max": 21160.0,
            "count": 30
        },
        "config_track1.Step.mean": {
            "value": 599983.0,
            "min": 19940.0,
            "max": 599983.0,
            "count": 30
        },
        "config_track1.Step.sum": {
            "value": 599983.0,
            "min": 19940.0,
            "max": 599983.0,
            "count": 30
        },
        "config_track1.Policy.ExtrinsicValueEstimate.mean": {
            "value": -0.4497152268886566,
            "min": -0.4497152268886566,
            "max": 12.825716018676758,
            "count": 30
        },
        "config_track1.Policy.ExtrinsicValueEstimate.sum": {
            "value": -91.29219055175781,
            "min": -91.29219055175781,
            "max": 3450.11767578125,
            "count": 30
        },
        "config_track1.Policy.CuriosityValueEstimate.mean": {
            "value": 2.763171672821045,
            "min": -14.183244705200195,
            "max": 2.8588244915008545,
            "count": 30
        },
        "config_track1.Policy.CuriosityValueEstimate.sum": {
            "value": 560.923828125,
            "min": -3815.292724609375,
            "max": 583.2001953125,
            "count": 30
        },
        "config_track1.Environment.CumulativeReward.mean": {
            "value": -4.681535007375659,
            "min": -9.74823085918571,
            "max": -4.009752467545596,
            "count": 30
        },
        "config_track1.Environment.CumulativeReward.sum": {
            "value": -463.4719657301903,
            "min": -992.854282617569,
            "max": -443.06077989935875,
            "count": 30
        },
        "config_track1.Policy.ExtrinsicReward.mean": {
            "value": -4.681535007375659,
            "min": -9.74823085918571,
            "max": -4.009752467545596,
            "count": 30
        },
        "config_track1.Policy.ExtrinsicReward.sum": {
            "value": -463.4719657301903,
            "min": -992.854282617569,
            "max": -443.06077989935875,
            "count": 30
        },
        "config_track1.Policy.CuriosityReward.mean": {
            "value": 3.899426738477566,
            "min": 0.0,
            "max": 24.775151552576006,
            "count": 30
        },
        "config_track1.Policy.CuriosityReward.sum": {
            "value": 386.04324710927904,
            "min": 0.0,
            "max": 4094.6979744136333,
            "count": 30
        },
        "config_track1.IsTraining.mean": {
            "value": 1.0,
            "min": 1.0,
            "max": 1.0,
            "count": 30
        },
        "config_track1.IsTraining.sum": {
            "value": 1.0,
            "min": 1.0,
            "max": 1.0,
            "count": 30
        },
        "config_track1.Losses.PolicyLoss.mean": {
            "value": 0.013850550275916855,
            "min": 0.013850550275916855,
            "max": 0.023044333630483985,
            "count": 11
        },
        "config_track1.Losses.PolicyLoss.sum": {
            "value": 0.013850550275916855,
            "min": 0.013850550275916855,
            "max": 0.023044333630483985,
            "count": 11
        },
        "config_track1.Losses.ValueLoss.mean": {
            "value": 0.02344804232319196,
            "min": 0.02344804232319196,
            "max": 6.457773214578628,
            "count": 11
        },
        "config_track1.Losses.ValueLoss.sum": {
            "value": 0.02344804232319196,
            "min": 0.02344804232319196,
            "max": 6.457773214578628,
            "count": 11
        },
        "config_track1.Policy.LearningRate.mean": {
            "value": 0.00018898828550586002,
            "min": 0.00018898828550586002,
            "max": 0.00019899958050021002,
            "count": 11
        },
        "config_track1.Policy.LearningRate.sum": {
            "value": 0.00018898828550586002,
            "min": 0.00018898828550586002,
            "max": 0.00019899958050021002,
            "count": 11
        },
        "config_track1.Policy.Epsilon.mean": {
            "value": 0.19449414000000007,
            "min": 0.19449414000000007,
            "max": 0.19949978999999998,
            "count": 11
        },
        "config_track1.Policy.Epsilon.sum": {
            "value": 0.19449414000000007,
            "min": 0.19449414000000007,
            "max": 0.19949978999999998,
            "count": 11
        },
        "config_track1.Policy.Beta.mean": {
            "value": 0.004725257586,
            "min": 0.004725257586,
            "max": 0.004975039520999999,
            "count": 11
        },
        "config_track1.Policy.Beta.sum": {
            "value": 0.004725257586,
            "min": 0.004725257586,
            "max": 0.004975039520999999,
            "count": 11
        },
        "config_track1.Losses.CuriosityForwardLoss.mean": {
            "value": 1.0235998342434565,
            "min": 1.0235998342434565,
            "max": 2255.5767239252727,
            "count": 11
        },
        "config_track1.Losses.CuriosityForwardLoss.sum": {
            "value": 1.0235998342434565,
            "min": 1.0235998342434565,
            "max": 2255.5767239252727,
            "count": 11
        },
        "config_track1.Losses.CuriosityInverseLoss.mean": {
            "value": 0.8341941818594932,
            "min": 0.8341941818594932,
            "max": 8.23198216954867,
            "count": 11
        },
        "config_track1.Losses.CuriosityInverseLoss.sum": {
            "value": 0.8341941818594932,
            "min": 0.8341941818594932,
            "max": 8.23198216954867,
            "count": 11
        }
    },
    "metadata": {
        "timer_format_version": "0.1.0",
        "start_time_seconds": "1739353798",
        "python_version": "3.7.16 (default, Jan 17 2023, 16:06:28) [MSC v.1916 64 bit (AMD64)]",
        "command_line_arguments": "C:\\Users\\koszt\\.conda\\envs\\UnityRL\\Scripts\\mlagents-learn config_track1.yaml --run-id=track1_5",
        "mlagents_version": "0.28.0",
        "mlagents_envs_version": "0.28.0",
        "communication_protocol_version": "1.5.0",
        "pytorch_version": "1.7.1+cu110",
        "numpy_version": "1.21.6",
        "end_time_seconds": "1739355039"
    },
    "total": 1241.3183674,
    "count": 1,
    "self": 0.009417100000064238,
    "children": {
        "run_training.setup": {
            "total": 0.0804068,
            "count": 1,
            "self": 0.0804068
        },
        "TrainerController.start_learning": {
            "total": 1241.2285435,
            "count": 1,
            "self": 2.112528799966185,
            "children": {
                "TrainerController._reset_env": {
                    "total": 6.22762,
                    "count": 1,
                    "self": 6.22762
                },
                "TrainerController.advance": {
                    "total": 1232.827260000034,
                    "count": 70681,
                    "self": 0.99221410003247,
                    "children": {
                        "env_step": {
                            "total": 1231.8350459000014,
                            "count": 70681,
                            "self": 1129.0994588999988,