{
    "name": "root",
    "gauges": {
        "config_track1.Policy.Entropy.mean": {
            "value": 1.4189382791519165,
            "min": 1.4189382791519165,
            "max": 1.4189382791519165,
            "count": 2
        },
        "config_track1.Policy.Entropy.sum": {
            "value": 27814.02734375,
            "min": 27814.02734375,
            "max": 29193.236328125,
            "count": 2
        },
        "config_track1.Environment.EpisodeLength.mean": {
            "value": 38.52569169960474,
            "min": 36.965973534971646,
            "max": 38.52569169960474,
            "count": 2
        },
        "config_track1.Environment.EpisodeLength.sum": {
            "value": 19494.0,
            "min": 19494.0,
            "max": 19555.0,
            "count": 2
        },
        "config_track1.Step.mean": {
            "value": 39996.0,
            "min": 19995.0,
            "max": 39996.0,
            "count": 2
        },
        "config_track1.Step.sum": {
            "value": 39996.0,
            "min": 19995.0,
            "max": 39996.0,
            "count": 2
        },
        "config_track1.Policy.ExtrinsicValueEstimate.mean": {
            "value": -10.453655242919922,
            "min": -10.660910606384277,
            "max": -10.453655242919922,
            "count": 2
        },
        "config_track1.Policy.ExtrinsicValueEstimate.sum": {
            "value": -5289.54931640625,
            "min": -5628.9609375,
            "max": -5289.54931640625,
            "count": 2
        },
        "config_track1.Policy.CuriosityValueEstimate.mean": {
            "value": -4.877390384674072,
            "min": -4.924259185791016,
            "max": -4.877390384674072,
            "count": 2
        },
        "config_track1.Policy.CuriosityValueEstimate.sum": {
            "value": -2467.95947265625,
            "min": -2600.0087890625,
            "max": -2467.95947265625,
            "count": 2
        },
        "config_track1.Environment.CumulativeReward.mean": {
            "value": -2.16002180312462,
            "min": -2.16002180312462,
            "max": -2.149999696196932,
            "count": 2
        },
        "config_track1.Environment.CumulativeReward.sum": {
            "value": -1092.9710323810577,
            "min": -1135.19983959198,
            "max": -1092.9710323810577,
            "count": 2
        },
        "config_track1.Policy.ExtrinsicReward.mean": {
            "value": -2.16002180312462,
            "min": -2.16002180312462,
            "max": -2.149999696196932,
            "count": 2
        },
        "config_track1.Policy.ExtrinsicReward.sum": {
            "value": -1092.9710323810577,
            "min": -1135.19983959198,
            "max": -1092.9710323810577,
            "count": 2
        },
        "config_track1.Policy.CuriosityReward.mean": {
            "value": 0.0,
            "min": 0.0,
            "max": 0.0,
            "count": 2
        },
        "config_track1.Policy.CuriosityReward.sum": {
            "value": 0.0,
            "min": 0.0,
            "max": 0.0,
            "count": 2
        },
        "config_track1.IsTraining.mean": {
            "value": 1.0,
            "min": 1.0,
            "max": 1.0,
            "count": 2
        },
        "config_track1.IsTraining.sum": {
            "value": 1.0,
            "min": 1.0,
            "max": 1.0,
            "count": 2
        }
    },
    "metadata": {
        "timer_format_version": "0.1.0",
        "start_time_seconds": "1739351447",
        "python_version": "3.7.16 (default, Jan 17 2023, 16:06:28) [MSC v.1916 64 bit (AMD64)]",
        "command_line_arguments": "C:\\Users\\koszt\\.conda\\envs\\UnityRL\\Scripts\\mlagents-learn config_track1.yaml --run-id=track1_1",
        "mlagents_version": "0.28.0",
        "mlagents_envs_version": "0.28.0",
        "communication_protocol_version": "1.5.0",
        "pytorch_version": "1.7.1+cu110",
        "numpy_version": "1.21.6",
        "end_time_seconds": "1739351570"
    },
    "total": 122.7748527,
    "count": 1,
    "self": 0.006330799999986425,
    "children": {
        "run_training.setup": {
            "total": 0.10982619999999965,
            "count": 1,
            "self": 0.10982619999999965
        },
        "TrainerController.start_learning": {
            "total": 122.65869570000001,
            "count": 1,
            "self": 0.2937730000005274,
            "children": {
                "TrainerController._reset_env": {
                    "total": 15.2709392,
                    "count": 1,
                    "self": 15.2709392
                },
                "TrainerController.advance": {
                    "total": 106.97546919999952,
                    "count": 6689,
                    "self": 0.09842380000041828,
                    "children": {
                        "env_step": {
                            "total": 106.8770453999991,
                            "count": 6689,
                            "self": 98.35113779999902,
                            "children": {
                                "SubprocessEnvManager._take_step": {
                                    "total": 8.429400999999789,
                                    "count": 6689,
                                    "self": 0.40060489999954996,
                                    "children": {
                                        "TorchPolicy.evaluate": {
                                            "total": 8.028796100000239,
                                            "count": 5689,
                                            "self": 1.5170120000004133,
                                            "children": {
                                                "TorchPolicy.sample_actions": {
                                                    "total": 6.511784099999826,
                                                    "count": 5689,
                                                    "self": 6.511784099999826
                                                }
                                            }
                                        }
                                    }
                                },
                                "workers": {
                                    "total": 0.09650660000029276,
                                    "count": 6689,
                                    "self": 0.0,
                                    "children": {
                                        "worker_root": {
                                            "total": 79.9466026000001,
                                            "count": 6689,
                                            "is_parallel": true,
                                            "self": 18.425220700000054,
                                            "children": {
                                                "steps_from_proto": {
                                                    "total": 0.001993600000000484,
                                                    "count": 1,
                                                    "is_parallel": true,
                                                    "self": 0.00018170000000061748,
                                                    "children": {
                                                        "_process_rank_one_or_two_observation": {
                                                            "total": 0.0018118999999998664,
                                                            "count": 4,
                                                            "is_parallel": true,
                                                            "self": 0.0018118999999998664
                                                        }
                                                    }
                                                },