{
    "name": "root",
    "gauges": {
        "config.Policy.Entropy.mean": {
            "value": 1.4264376163482666,
            "min": 1.4189382791519165,
            "max": 1.4292659759521484,
            "count": 24
        },
        "config.Policy.Entropy.sum": {
            "value": 28551.57421875,
            "min": 28175.80859375,
            "max": 28675.482421875,
            "count": 24
        },
        "config.Step.mean": {
            "value": 479976.0,
            "min": 19984.0,
            "max": 479976.0,
            "count": 24
        },
        "config.Step.sum": {
            "value": 479976.0,
            "min": 19984.0,
            "max": 479976.0,
            "count": 24
        },
        "config.Policy.ExtrinsicValueEstimate.mean": {
            "value": -0.49820372462272644,
            "min": -0.498399943113327,
            "max": -0.14824846386909485,
            "count": 24
        },
        "config.Policy.ExtrinsicValueEstimate.sum": {
            "value": -317.8539733886719,
            "min": -321.96636962890625,
            "max": -94.58251953125,
            "count": 24
        },
        "config.Environment.EpisodeLength.mean": {
            "value": 999.0,
            "min": 999.0,
            "max": 999.0,
            "count": 24
        },
        "config.Environment.EpisodeLength.sum": {
            "value": 17982.0,
            "min": 17982.0,
            "max": 26973.0,
            "count": 24
        },
        "config.Environment.CumulativeReward.mean": {
            "value": -49.99999701976776,
            "min": -49.99999701976776,
            "max": -49.99999701976776,
            "count": 24
        },
        "config.Environment.CumulativeReward.sum": {
            "value": -899.9999463558197,
            "min": -1349.9999195337296,
            "max": -899.9999463558197,
            "count": 24
        },
        "config.Policy.ExtrinsicReward.mean": {
            "value": -49.99999701976776,
            "min": -49.99999701976776,
            "max": -49.99999701976776,
            "count": 24
        },
        "config.Policy.ExtrinsicReward.sum": {
            "value": -899.9999463558197,
            "min": -1349.9999195337296,
            "max": -899.9999463558197,
            "count": 24
        },
        "config.IsTraining.mean": {
            "value": 1.0,
            "min": 1.0,
            "max": 1.0,
            "count": 24
        },
        "config.IsTraining.sum": {
            "value": 1.0,
            "min": 1.0,
            "max": 1.0,
            "count": 24
        },
        "config.Losses.PolicyLoss.mean": {
            "value": 0.019051959924076475,
            "min": 0.0158479314413853,
            "max": 0.01978387600199009,
            "count": 9
        },
        "config.Losses.PolicyLoss.sum": {
            "value": 0.019051959924076475,
            "min": 0.0158479314413853,
            "max": 0.01978387600199009,
            "count": 9
        },
        "config.Losses.ValueLoss.mean": {
            "value": 0.00015923523369565373,
            "min": 2.08759470676038e-05,
            "max": 0.005013029036086259,
            "count": 9
        },
        "config.Losses.ValueLoss.sum": {
            "value": 0.00015923523369565373,
            "min": 2.08759470676038e-05,
            "max": 0.005013029036086259,
            "count": 9
        },
        "config.Policy.LearningRate.mean": {
            "value": 9.547984452016e-05,
            "min": 9.547984452016e-05,
            "max": 9.949816050184004e-05,
            "count": 9
        },
        "config.Policy.LearningRate.sum": {
            "value": 9.547984452016e-05,
            "min": 9.547984452016e-05,
            "max": 9.949816050184004e-05,
            "count": 9
        },
        "config.Policy.Epsilon.mean": {
            "value": 0.19547984,
            "min": 0.19547984,
            "max": 0.19949816000000004,
            "count": 9
        },
        "config.Policy.Epsilon.sum": {
            "value": 0.19547984,
            "min": 0.19547984,
            "max": 0.19949816000000004,
            "count": 9
        },
        "config.Policy.Beta.mean": {
            "value": 0.004774444016,
            "min": 0.004774444016,
            "max": 0.004974958184,
            "count": 9
        },
        "config.Policy.Beta.sum": {
            "value": 0.004774444016,
            "min": 0.004774444016,
            "max": 0.004974958184,
            "count": 9
        }
    },
    "metadata": {
        "timer_format_version": "0.1.0",
        "start_time_seconds": "1738663345",
        "python_version": "3.7.16 (default, Jan 17 2023, 16:06:28) [MSC v.1916 64 bit (AMD64)]",
        "command_line_arguments": "C:\\Users\\koszt\\.conda\\envs\\UnityRL\\Scripts\\mlagents-learn config.yaml --run-id=run4",
        "mlagents_version": "0.28.0",
        "mlagents_envs_version": "0.28.0",
        "communication_protocol_version": "1.5.0",
        "pytorch_version": "1.7.1+cu110",
        "numpy_version": "1.21.6",
        "end_time_seconds": "1738663802"
    },
    "total": 457.0841575,
    "count": 1,
    "self": 0.004988500000024487,
    "children": {
        "run_training.setup": {
            "total": 0.07957170000000002,
            "count": 1,
            "self": 0.07957170000000002
        },
        "TrainerController.start_learning": {
            "total": 456.9995973,
            "count": 1,
            "self": 1.2898254000009501,
            "children": {
                "TrainerController._reset_env": {
                    "total": 6.3543642,
                    "count": 1,
                    "self": 6.3543642
                },
                "TrainerController.advance": {
                    "total": 449.285178399999,
                    "count": 54007,
                    "self": 0.6179658999952835,
                    "children": {
                        "env_step": {
                            "total": 448.6672125000037,
                            "count": 54007,
                            "self": 380.09605790000865,
                            "children": {
                                "SubprocessEnvManager._take_step": {
                                    "total": 67.89200939999904,
                                    "count": 54007,
                                    "self": 3.0009619999976564,
                                    "children": {
                                        "TorchPolicy.evaluate": {
                                            "total": 64.89104740000138,
                                            "count": 54007,
                                            "self": 10.267908800008584,
                                            "children": {
                                                "TorchPolicy.sample_actions": {
                                                    "total": 54.6231385999928,
                                                    "count": 54007,
                                                    "self": 54.6231385999928
                                                }
                                            }
                                        }
                                    }
                                },
                                "workers": {
                                    "total": 0.6791451999959879,
                                    "count": 54006,
                                    "self": 0.0,
                                    "children": {
                                        "worker_root": {
                                            "total": 449.3687010999964,
                                            "count": 54006,
                                            "is_parallel": true,
                                            "self": 193.3920493999938,